Timestamp,Username,Activity Category,Source / Location,Destination / Action,Intent / Purpose / Query,System Status Mode
2026-08-28 19:56:14,anshu,USER_LOGIN,Enterprise Portal,Session Granted,User logged in successfully as admin,AUTHENTICATED
2026-08-28 19:57:22,annu gupta,USER_LOGIN,Enterprise Portal,Session Granted,User logged in successfully as user,AUTHENTICATED
2026-08-29 13:59:52,annu gupta,USER_LOGIN,Enterprise Portal,Session Granted,User logged in successfully as user,AUTHENTICATED
2026-08-29 14:00:16,annu gupta,JOURNEY_SEARCH,Western Line (Andheri East),Borivali,Commuter route search from Andheri East to Borivali,LIVE_TRACKING
2026-08-29 14:00:16,annu gupta,JOURNEY_SEARCH,Western Line (Andheri East),Borivali,Commuter route search from Andheri East to Borivali,LIVE_TRACKING
2026-08-29 14:04:36,annu gupta,JOURNEY_SEARCH,Western Line (Andheri East),Borivali,Commuter route search from Andheri East to Borivali,LIVE_TRACKING
2026-08-29 14:07:03,annu gupta,USER_LOGIN,Enterprise Portal,Session Granted,User logged in successfully as user,AUTHENTICATED
2026-08-29 14:07:38,annu gupta,JOURNEY_SEARCH,Western Line (Andheri East),Borivali,Commuter route search from Andheri East to Borivali,LIVE_TRACKING
2026-08-29 14:07:38,annu gupta,JOURNEY_SEARCH,Western Line (Andheri East),Borivali,Commuter route search from Andheri East to Borivali,LIVE_TRACKING
2026-08-29 14:08:14,annu gupta,JOURNEY_SEARCH,Western Line (Andheri East),Borivali,Commuter route search from Andheri East to Borivali,LIVE_TRACKING
2026-08-29 14:08:14,annu gupta,JOURNEY_SEARCH,Western Line (Andheri East),Borivali,Commuter route search from Andheri East to Borivali,LIVE_TRACKING
2026-08-29 15:10:50,annu gupta,USER_LOGIN,Enterprise Portal,Session Granted,User logged in successfully as user,AUTHENTICATED
2026-08-29 15:11:36,annu gupta,JOURNEY_SEARCH,Western Line (Andheri East),Borivali,Commuter route search from Andheri East to Borivali,LIVE_TRACKING
2026-08-29 15:11:36,annu gupta,JOURNEY_SEARCH,Western Line (Andheri East),Borivali,Commuter route search from Andheri East to Borivali,LIVE_TRACKING
2026-08-29 15:13:48,annu gupta,USER_LOGIN,Enterprise Portal,Session Granted,User logged in successfully as user,AUTHENTICATED
2026-08-29 15:14:09,annu gupta,JOURNEY_SEARCH,Western Line (Andheri East),Borivali,Commuter route search from Andheri East to Borivali,LIVE_TRACKING
2026-08-29 15:14:09,annu gupta,JOURNEY_SEARCH,Western Line (Andheri East),Borivali,Commuter route search from Andheri East to Borivali,LIVE_TRACKING
2026-08-29 15:14:46,annu gupta,JOURNEY_SEARCH,Western Line (Andheri East),Borivali,Commuter route search from Andheri East to Borivali,LIVE_TRACKING
2026-08-29 15:17:51,annu gupta,JOURNEY_SEARCH,Western Line (Andheri East),Borivali,Commuter route search from Andheri East to Borivali,LIVE_TRACKING
2026-08-29 15:21:35,annu gupta,USER_LOGIN,Enterprise Portal,Session Granted,User logged in successfully as user,AUTHENTICATED
2026-08-29 15:22:09,annu gupta,JOURNEY_SEARCH,Western Line (Andheri East),Goregaon,Commuter route search from Andheri East to Goregaon,LIVE_TRACKING
2026-08-29 15:22:09,annu gupta,JOURNEY_SEARCH,Western Line (Andheri East),Goregaon,Commuter route search from Andheri East to Goregaon,LIVE_TRACKING
2026-08-29 15:55:34,annu gupta,USER_LOGIN,Enterprise Portal,Session Granted,User logged in successfully as user,AUTHENTICATED
2026-08-29 15:55:42,annu gupta,JOURNEY_SEARCH,Western Line (Andheri East),Borivali,Commuter route search from Andheri East to Borivali,LIVE_TRACKING
2026-08-29 15:55:42,annu gupta,JOURNEY_SEARCH,Western Line (Andheri East),Borivali,Commuter route search from Andheri East to Borivali,LIVE_TRACKING
2026-08-29 15:58:37,annu gupta,USER_LOGIN,Enterprise Portal,Session Granted,User logged in successfully as user,AUTHENTICATED
2026-08-29 15:58:42,annu gupta,JOURNEY_SEARCH,Western Line (Andheri East),Borivali,Commuter route search from Andheri East to Borivali,LIVE_TRACKING
2026-08-29 15:58:42,annu gupta,JOURNEY_SEARCH,Western Line (Andheri East),Borivali,Commuter route search from Andheri East to Borivali,LIVE_TRACKING
2026-08-29 16:24:47,annu gupta,USER_LOGIN,Enterprise Portal,Session Granted,User logged in successfully as user,AUTHENTICATED
2026-08-29 16:24:50,annu gupta,JOURNEY_SEARCH,Western Line (Andheri East),Borivali,Commuter route search from Andheri East to Borivali,LIVE_TRACKING
2026-08-29 16:24:50,annu gupta,JOURNEY_SEARCH,Western Line (Andheri East),Borivali,Commuter route search from Andheri East to Borivali,LIVE_TRACKING
2026-09-04 19:43:42,annu gupta,USER_LOGIN,Enterprise Portal,Session Granted,User logged in successfully as user,AUTHENTICATED
2026-09-04 19:44:52,annu gupta,JOURNEY_SEARCH,Western Line (Andheri East),Borivali,Commuter route search from Andheri East to Borivali,LIVE_TRACKING
2026-09-04 19:44:52,annu gupta,JOURNEY_SEARCH,Western Line (Andheri East),Borivali,Commuter route search from Andheri East to Borivali,LIVE_TRACKING
2026-09-04 19:46:03,anshu,USER_LOGIN,Enterprise Portal,Session Granted,User logged in successfully as admin,AUTHENTICATED
2026-09-07 10:15:46,annu gupta,USER_LOGIN,Enterprise Portal,Session Granted,User logged in successfully as user,AUTHENTICATED
2026-09-07 10:16:25,annu gupta,JOURNEY_SEARCH,Western Line (Andheri East),Borivali,Commuter route search from Andheri East to Borivali,LIVE_TRACKING
2026-09-07 10:16:25,annu gupta,JOURNEY_SEARCH,Western Line (Andheri East),Borivali,Commuter route search from Andheri East to Borivali,LIVE_TRACKING
2026-09-07 10:17:11,annu gupta,JOURNEY_SEARCH,Western Line (Andheri East),Borivali,Commuter route search from Andheri East to Borivali,LIVE_TRACKING
2026-09-07 11:06:47,anshu,USER_LOGIN,Enterprise Portal,Session Granted,User logged in successfully as admin,AUTHENTICATED
2026-09-07 11:07:42,annu gupta,USER_LOGIN,Enterprise Portal,Session Granted,User logged in successfully as user,AUTHENTICATED
2026-09-07 11:07:58,annu gupta,JOURNEY_SEARCH,Western Line (Andheri East),Borivali,Commuter route search from Andheri East to Borivali,LIVE_TRACKING
2026-09-07 11:07:58,annu gupta,JOURNEY_SEARCH,Western Line (Andheri East),Borivali,Commuter route search from Andheri East to Borivali,LIVE_TRACKING
2026-09-08 13:54:06,annu gupta,USER_LOGIN,Enterprise Portal,Session Granted,User logged in successfully as user,AUTHENTICATED
2026-09-08 13:54:45,annu gupta,CHATBOT_INTERACTION,Pulse Buddy AI,HELPLINE_QUERY,Show emergency helpline numbers,System
2026-09-08 13:55:00,annu gupta,JOURNEY_SEARCH,Western Line (Andheri East),Borivali,Commuter route search from Andheri East to Borivali,LIVE_TRACKING
2026-09-08 13:55:00,annu gupta,JOURNEY_SEARCH,Western Line (Andheri East),Borivali,Commuter route search from Andheri East to Borivali,LIVE_TRACKING
2026-09-08 13:59:12,anshu,USER_LOGIN,Enterprise Portal,Session Granted,User logged in successfully as admin,AUTHENTICATED
