Username,Full Name,Email Address,Mobile No,User Role,Registration Timestamp
anshu,Chief Admin Anshu,admin@pulse.gov.in,9999999999,admin,2026-03-28 09:10:17
aks,Abhai Kumar Srivastava,aks@gmail.com,0987654321,user,2026-07-22 18:23:37
hi,Hi,hi@gmail.com,1234567890,user,2026-07-31 19:08:55
ms,Ms,ms@gmail.com,0987654321,user,2026-08-05 13:07:37
mili sri,Mili Srivastava,ms@gmail.com,1234567890,user,2026-08-06 18:02:25
msks,Mili Srivastava,ms@gmail.com,1234567890,user,2026-08-06 18:07:34
annu ,Annu,annuguptaaa0818@gmail.com,1234567890,user,2026-08-07 19:33:12
anshu gupta,Anshu,anshu23@gmail.com,2323232323,user,2026-08-07 19:37:24
annu gupta,Annu,annugupta@gmail.com,0123456789,user,2026-08-15 14:33:01
